{
  "delta_recov_scorer": 0.201904296875,
  "delta_recov_ordering": 0.0,
  "delta_tokps_scorer": 0.796168714581853,
  "delta_tokps_ordering": 2.0871594699511746
}