{
  "rows": [
    "FTS",
    "SW-host",
    "CEFE"
  ],
  "cols": [
    "Quest",
    "FreqRec",
    "ODUS-X"
  ],
  "recov": [
    [
      0.061767578125,
      0.120849609375,
      0.263671875
    ],
    [
      0.061767578125,
      0.120849609375,
      0.263671875
    ],
    [
      0.061767578125,
      0.120849609375,
      0.263671875
    ]
  ],
  "tokps": [
    [
      80.45000514880032,
      82.83851129254585,
      80.45000514880032
    ],
    [
      83.33333333333334,
      83.33333333333334,
      83.33333333333334
    ],
    [
      83.33333333333334,
      83.33333333333334,
      83.33333333333334
    ]
  ],
  "details": [
    {
      "boundary": "fts_quest",
      "scorer": "quest",
      "tok_per_s_mean": 80.45000514880032,
      "tok_per_s_p50": 80.45000514880033,
      "tok_per_s_p5": 80.45000514880033,
      "recovery_at_k_mean": 0.061767578125,
      "rpe_bytes_mean": 36110336.0,
      "useful_bytes_mean": 248832.0,
      "wasted_bytes_mean": 36110336.0,
      "meta_bytes_mean": 0.0,
      "admission_us_mean": 1228.7999999999997,
      "transport_us_mean": 5038.080000000001,
      "queue_depth_peak_p50": 0.62976,
      "queue_depth_peak_p99": 0.62976,
      "useful_frac_of_fetched": 0.006843720956431126,
      "n_steps": 384,
      "cfg": {
        "cxl_bw_gbs": 8.0,
        "decode_compute_us": 12000.0,
        "decode_slack_us": 8000.0,
        "budget_per_step": 64,
        "top_k_useful": 32,
        "n_candidates": 2048,
        "useful_fraction": 0.03,
        "semantic_strength": 0.8,
        "meta_credits_override": null,
        "fts_prefilter_keep_frac": 0.3
      },
      "row": "FTS",
      "col": "Quest"
    },
    {
      "boundary": "fts_freqrec",
      "scorer": "freqrec",
      "tok_per_s_mean": 82.83851129254585,
      "tok_per_s_p50": 82.83851129254586,
      "tok_per_s_p5": 82.83851129254586,
      "recovery_at_k_mean": 0.120849609375,
      "rpe_bytes_mean": 36110336.0,
      "useful_bytes_mean": 480768.0,
      "wasted_bytes_mean": 36110336.0,
      "meta_bytes_mean": 0.0,
      "admission_us_mean": 204.79999999999998,
      "transport_us_mean": 5038.080000000001,
      "queue_depth_peak_p50": 0.62976,
      "queue_depth_peak_p99": 0.62976,
      "useful_frac_of_fetched": 0.013138931254984818,
      "n_steps": 384,
      "cfg": {
        "cxl_bw_gbs": 8.0,
        "decode_compute_us": 12000.0,
        "decode_slack_us": 8000.0,
        "budget_per_step": 64,
        "top_k_useful": 32,
        "n_candidates": 2048,
        "useful_fraction": 0.03,
        "semantic_strength": 0.8,
        "meta_credits_override": null,
        "fts_prefilter_keep_frac": 0.3
      },
      "row": "FTS",
      "col": "FreqRec"
    },
    {
      "boundary": "fts_quest",
      "scorer": "odus_x",
      "tok_per_s_mean": 80.45000514880032,
      "tok_per_s_p50": 80.45000514880033,
      "tok_per_s_p5": 80.45000514880033,
      "recovery_at_k_mean": 0.263671875,
      "rpe_bytes_mean": 36110336.0,
      "useful_bytes_mean": 1044309.3333333334,
      "wasted_bytes_mean": 36110336.0,
      "meta_bytes_mean": 0.0,
      "admission_us_mean": 1228.7999999999997,
      "transport_us_mean": 5038.080000000001,
      "queue_depth_peak_p50": 0.62976,
      "queue_depth_peak_p99": 0.62976,
      "useful_frac_of_fetched": 0.028107100039962703,
      "n_steps": 384,
      "cfg": {
        "cxl_bw_gbs": 8.0,
        "decode_compute_us": 12000.0,
        "decode_slack_us": 8000.0,
        "budget_per_step": 64,
        "top_k_useful": 32,
        "n_candidates": 2048,
        "useful_fraction": 0.03,
        "semantic_strength": 0.8,
        "meta_credits_override": null,
        "fts_prefilter_keep_frac": 0.3
      },
      "row": "FTS",
      "col": "ODUS-X"
    },
    {
      "boundary": "sw_host",
      "scorer": "quest",
      "tok_per_s_mean": 83.33333333333334,
      "tok_per_s_p50": 83.33333333333333,
      "tok_per_s_p5": 83.33333333333333,
      "recovery_at_k_mean": 0.061767578125,
      "rpe_bytes_mean": 0.0,
      "useful_bytes_mean": 248832.0,
      "wasted_bytes_mean": 0.0,
      "meta_bytes_mean": 131072.0,
      "admission_us_mean": 3136.0,
      "transport_us_mean": 540.6719999999998,
      "queue_depth_peak_p50": 0.065536,
      "queue_depth_peak_p99": 0.065536,
      "useful_frac_of_fetched": 1.0,
      "n_steps": 384,
      "cfg": {
        "cxl_bw_gbs": 8.0,
        "decode_compute_us": 12000.0,
        "decode_slack_us": 8000.0,
        "budget_per_step": 64,
        "top_k_useful": 32,
        "n_candidates": 2048,
        "useful_fraction": 0.03,
        "semantic_strength": 0.8,
        "meta_credits_override": null,
        "fts_prefilter_keep_frac": 0.3
      },
      "row": "SW-host",
      "col": "Quest"
    },
    {
      "boundary": "sw_host",
      "scorer": "freqrec",
      "tok_per_s_mean": 83.33333333333334,
      "tok_per_s_p50": 83.33333333333333,
      "tok_per_s_p5": 83.33333333333333,
      "recovery_at_k_mean": 0.120849609375,
      "rpe_bytes_mean": 0.0,
      "useful_bytes_mean": 480768.0,
      "wasted_bytes_mean": 0.0,
      "meta_bytes_mean": 131072.0,
      "admission_us_mean": 3136.0,
      "transport_us_mean": 540.6719999999998,
      "queue_depth_peak_p50": 0.065536,
      "queue_depth_peak_p99": 0.065536,
      "useful_frac_of_fetched": 1.0,
      "n_steps": 384,
      "cfg": {
        "cxl_bw_gbs": 8.0,
        "decode_compute_us": 12000.0,
        "decode_slack_us": 8000.0,
        "budget_per_step": 64,
        "top_k_useful": 32,
        "n_candidates": 2048,
        "useful_fraction": 0.03,
        "semantic_strength": 0.8,
        "meta_credits_override": null,
        "fts_prefilter_keep_frac": 0.3
      },
      "row": "SW-host",
      "col": "FreqRec"
    },
    {
      "boundary": "sw_host",
      "scorer": "odus_x",
      "tok_per_s_mean": 83.33333333333334,
      "tok_per_s_p50": 83.33333333333333,
      "tok_per_s_p5": 83.33333333333333,
      "recovery_at_k_mean": 0.263671875,
      "rpe_bytes_mean": 0.0,
      "useful_bytes_mean": 1044309.3333333334,
      "wasted_bytes_mean": 0.0,
      "meta_bytes_mean": 131072.0,
      "admission_us_mean": 3136.0,
      "transport_us_mean": 540.6719999999998,
      "queue_depth_peak_p50": 0.065536,
      "queue_depth_peak_p99": 0.065536,
      "useful_frac_of_fetched": 1.0,
      "n_steps": 384,
      "cfg": {
        "cxl_bw_gbs": 8.0,
        "decode_compute_us": 12000.0,
        "decode_slack_us": 8000.0,
        "budget_per_step": 64,
        "top_k_useful": 32,
        "n_candidates": 2048,
        "useful_fraction": 0.03,
        "semantic_strength": 0.8,
        "meta_credits_override": null,
        "fts_prefilter_keep_frac": 0.3
      },
      "row": "SW-host",
      "col": "ODUS-X"
    },
    {
      "boundary": "cefe",
      "scorer": "quest",
      "tok_per_s_mean": 83.33333333333334,
      "tok_per_s_p50": 83.33333333333333,
      "tok_per_s_p5": 83.33333333333333,
      "recovery_at_k_mean": 0.061767578125,
      "rpe_bytes_mean": 0.0,
      "useful_bytes_mean": 248832.0,
      "wasted_bytes_mean": 0.0,
      "meta_bytes_mean": 131072.0,
      "admission_us_mean": 43.199999999999996,
      "transport_us_mean": 540.6719999999998,
      "queue_depth_peak_p50": 0.065536,
      "queue_depth_peak_p99": 0.065536,
      "useful_frac_of_fetched": 1.0,
      "n_steps": 384,
      "cfg": {
        "cxl_bw_gbs": 8.0,
        "decode_compute_us": 12000.0,
        "decode_slack_us": 8000.0,
        "budget_per_step": 64,
        "top_k_useful": 32,
        "n_candidates": 2048,
        "useful_fraction": 0.03,
        "semantic_strength": 0.8,
        "meta_credits_override": null,
        "fts_prefilter_keep_frac": 0.3
      },
      "row": "CEFE",
      "col": "Quest"
    },
    {
      "boundary": "cefe",
      "scorer": "freqrec",
      "tok_per_s_mean": 83.33333333333334,
      "tok_per_s_p50": 83.33333333333333,
      "tok_per_s_p5": 83.33333333333333,
      "recovery_at_k_mean": 0.120849609375,
      "rpe_bytes_mean": 0.0,